Post Number,Post Text,Post Date
1,"Do you believe the recent price drop in 
$BTC.X
 is a bear trap or a genuine correction?",2025-02-04T14:37:26Z
2,"$BTC.X
 is today the day? Letâ€™s get that 40% move today. 
Bullish",2025-02-04T14:37:24Z
3,"$BTC.X
 added more at open ðŸ’ª 
Bullish",2025-02-04T14:36:54Z
4,"$BTC.X
 when you filter out all the bullshit it is common sense vs your ego. The sooner you admit to yourself that you were wrong, the richer you will be.  
 
""Everyone buys BTC at the price they deserve....""",2025-02-04T14:35:58Z
5,"$BTC.X
 ðŸ“ˆðŸ’¥ 
Bullish",2025-02-04T14:35:32Z
